title,genre
Geronimo,Western
Sub Zero,Action
Dragon Crusaders,Action
Nadja,Horror
Bad Biology,Horror
Haunt,Horror
Hello Again,Fantasy
Super,Action
Congo Crossing,Adventure
First Knight,Adventure
Cherry Falls,Horror
Invisible Invaders,Fantasy
The Mephisto Waltz,Horror
Underwater,Fantasy
The Last Hunt,Western
Big Jake,Western
Hollow Point,Action
One Tough Bastard,Action
The Blob,Fantasy
Ghost in the Machine,Horror
Enter the Ninja,Adventure
Undercurrent,Action
13 Slays Till X-Mas,Horror
Hangman's Curse ,Horror
Fool's Gold,Adventure
Rogues Gallery,Action
Highway to Hell,Horror
The Lost World,Adventure
The Power Within,Action
Day the World Ended,Fantasy
Extreme Prejudice,Action
Goodnight Mommy,Horror
Disturbing the Peace,Action
Bounty Killer,Action
After Earth,Fantasy
Idaho Transfer,Fantasy
Society,Horror
Gemini Man,Action
The Terror,Horror
Planet of the Apes,Fantasy
Phantasm,Fantasy
Many Rivers to Cross,Western
Carson City,Western
The Bamboo Saucer,Fantasy
The Unholy,Horror
The Lost World,Adventure
K 2,Adventure
Short Circuit,Fantasy
The Corpse Vanishes,Horror
Yellowbeard,Adventure
Gold of Seven Saints,Adventure
Run for the Money,Action
SuperFly,Action
The Black Swan,Adventure
Blind Fury,Action
Mr. Harrigan's Phone,Horror
Bride of the Gorilla,Adventure
Lethal Weapon 3,Action
The Spoilers,Adventure
Crash Point Zero,Action
The Power of Few,Action
The Giver,Fantasy
The White Buffalo,Adventure
The Space Between Us,Fantasy
Kim,Adventure
Jason Bourne,Action
Rush Hour 3,Action
Cast a Long Shadow,Western
Sniper 2,Action
Mother's Day,Horror
Catwoman,Fantasy
Futureworld,Fantasy
This Island Earth,Fantasy
Brahms: The Boy II,Horror
Captain from Castile,Adventure
Flaming Feather,Western
Fast & Furious 9,Action
Underworld Awakening,Action
Leprechaun 3,Horror
Phantasm 2,Horror
Rage at Dawn,Western
Omega Doom,Fantasy
The Exorcist,Horror
Man Without a Star,Western
The Double,Action
Ulzana's Raid,Western
The Mask of Zorro,Adventure
Endangered Species,Fantasy
American Kickboxer,Action
Badman's Territory,Western
Flash Gordon,Fantasy
Crash and Burn,Action
McQ,Action
The Devil's Tomb,Fantasy
The Ewok Adventure,Fantasy
Wonder Woman 1984,Action
Alien Abduction,Horror
Lord of Illusions,Horror
Sister Sister,Horror
Apache Rifles,Western
Comanche,Western
Love and a Bullet,Action
Starcrossed,Fantasy
House IV,Horror
Collateral Damage,Action
Wrath of the Titans,Action
Gunmen,Action
Superfly,Action
Piraña,Horror
Amityville 3-D,Horror
The Wild Angels,Action
The Believers,Horror
Final Descent,Action
The Unholy,Horror
Planet Terror,Horror
Saw IV,Horror
Sweetheart,Horror
The V Word,Horror
Child's Play 3,Horror
Nevada Smith,Western
Titanic,Action
Kristy,Horror
The Karate Kid III,Action
Toy Soldiers,Action
Son of Lassie,Adventure
Into the Sun,Action
The Expendables,Action
Season of the Witch,Adventure
Song of the South,Adventure
Knowing,Fantasy
Taken Heart,Action
Neon City,Fantasy
Mysterious Island,Fantasy
Age of Ice,Fantasy
Conan the Barbarian,Fantasy
When the Legends Die,Western
Deep Rising,Action
The Den,Horror
Hellgate,Western
The Stone Killer,Action
King Kong,Adventure
Fantastic Voyage,Fantasy
Snatchers,Horror
Wicked Blood,Action
The Dark Half,Horror
The Raiders,Western
Pulse,Horror
Mulan,Adventure
Escape from Absolom,Fantasy
Satanic Panic,Horror
Tron,Fantasy
Trick or Treat,Horror
Holiday Hell,Horror
Iron Eagle,Adventure
Man or Gun,Western
The Ape Man,Horror
Final Examination,Horror
Fear Clinic,Horror
Lights Out,Horror
Greenland,Action
Dr. Cyclops,Horror
Friday the 13th,Horror
Shockwave,Action
Demolition High,Action
Kiwi Safari,Adventure
Sudden Death,Action
The Hard Man,Western
Urban Legend,Horror
In Old California,Adventure
Midsommar,Horror
Mars Attacks!,Fantasy
Eve of Destruction,Fantasy
The Darkness,Horror
My Science Project,Fantasy
The Last Dragon,Action
The Toybox,Action
Yankee Pasha,Adventure
The Purge,Fantasy
Walk the Proud Land,Western
Eternals,Fantasy
Bubba Ho-tep,Horror
Snakes on a Plane,Action
Raton Pass,Western
Captain Pirate,Adventure
G-Force ,Fantasy
Kid Rodelo,Western
Tears of the Sun,Action
Non-Stop,Action
Raw Deal,Action
Canyon Passage,Western
Contact,Fantasy
The Leopard Man,Horror
Casper,Fantasy
Pursued,Western
End of Watch,Action
One Little Indian,Adventure
Charley Varrick,Action
Springfield Rifle,Western
Trilogy of Terror II,Horror
Derailed,Action
A Thunder of Drums,Western
The Day,Fantasy
Independents' Day,Action
Westbound,Western
Big Ass Spider,Fantasy
Fighting Caravans,Western
Red Heat,Action
Phantom of the Opera,Horror
Chuka,Western
Midnighters,Horror
Traitor,Action
The Seventh Day,Horror
End of a Gun,Action
Terror House,Horror
Honky Tonk Freeway,Action
Meteor Storm,Action
Ten Wanted Men,Western
The Sign of Zorro,Adventure
Bermuda Tentacles,Action
War Drums,Western
Bullwhip,Western
The Mummy Returns,Adventure
Insanitarium,Horror
The Craft,Fantasy
Monster Trucks,Action
This Means War,Action
Vice,Action
The Wizard of Gore,Horror
Hellbound,Action
Metal Tornado,Fantasy
Labyrinth,Fantasy
John Wick,Action
Gattaca,Fantasy
Red 2,Action
Monsterwolf,Horror
Red Scorpion,Action
Shutter,Horror
Evil Toons,Horror
Southbound,Horror
Mercy,Horror
Hurricane Smith,Adventure
Final Round,Action
The Yellow Mountain,Western
The Philly Kid,Action
Blood Diner,Horror
The Night Watchmen,Horror
Romeo Must Die,Action
Rapid Fire,Action
Ghost Town,Horror
The Monkey's Paw,Horror
The Outlaw,Western
Beyond the Law,Action
Tribute to a Bad Man,Western
V: The Final Battle,Fantasy
Night of the Lepus,Fantasy
Ghost Rider,Action
End of Days,Action
Dream Cruise,Horror
Knightriders,Adventure
All Hallows' Eve,Horror
Honest Thief,Action
Chato's Land,Western
Landspeed,Action
Enemy Mine,Fantasy
Horror Safari,Adventure
Venomous,Action
Insidious: Chapter 3,Horror
Atomic Twister,Action
Judge Dredd,Fantasy
Race with the Devil,Action
Friday the 13th,Horror
Peter Pan,Adventure
The Soldier,Action
Interrogation,Action
River Runs Red,Action
Child's Play 2,Horror
Deadly Friend,Horror
The Thompsons,Horror
Cutaway,Action
AE: Apocalypse Earth,Action
Godzilla vs. Kong,Fantasy
John Carter,Fantasy
The Last Push,Fantasy
The Time Travelers,Fantasy
The Woman,Horror
Quiet Cool,Action
Project Almanac,Fantasy
Twitches,Fantasy
The Fly II,Fantasy
A Knight's Tale,Adventure
Fortress,Fantasy
The Gun Runners,Adventure
The Devil Inside,Horror
Run for Cover,Western
Shelter,Horror
Comanche Station,Western
The Evictors,Horror
Follow the River,Adventure
Dawn at Socorro,Western
Nocturne,Horror
Chained,Horror
The Forever Purge,Horror
Hidden Agenda,Action
The Hole ,Horror
The Daring Dobermans,Adventure
Sergeant Rutledge,Western
The Lawnmower Man,Fantasy
Furnace,Horror
The Invisible Ray,Fantasy
The Brood,Horror
Ride with the Devil,Western
The Meg,Action
Swiss Army Man,Adventure
Hatchet,Horror
Maleficent,Fantasy
The Shadow,Fantasy
The Suicide Squad,Action
Books of Blood,Horror
Sniper 3,Action
Predators,Action
Treasure Island,Adventure
Nightwing,Horror
21 Jump Street,Action
Valdez Is Coming,Western
Bats,Horror
Apocalypto,Adventure
Super Cyclone,Action
First Blood,Action
The Unforgiven,Western
The Jayhawkers!,Western
Chicago Overcoat,Action
Things Heard & Seen,Horror
The Americano,Western
Dodge City,Western
Soldier Blue,Western
Dead Men Walk,Horror
Forest Warrior,Action
The Fly,Horror
Shallow Ground,Horror
Dead in Tombstone,Action
Nico the Unicorn,Fantasy
Kidnapped,Adventure
Code of Honor,Action
Sherlock Holmes,Fantasy
The Uninvited,Horror
10.5: Apocalypse,Action
Like.Share.Follow.,Horror
Room 203,Horror
Fanboys,Adventure
Bad Channels,Fantasy
King Kong,Adventure
Deep in the Darkness,Horror
Black Eagle,Action
Spectral,Fantasy
Critters Attack!,Horror
Frontier Rangers,Western
The Sea Chase,Adventure
The Night Flier,Horror
Pelts,Horror
Black Moon Rising,Action
The Professionals,Western
Gremlins,Fantasy
The Kid from Texas,Western
Pistol Whipped,Action
Rancho Notorius,Western
Hangman's Knot,Western
Dracula's Guest,Adventure
Conan the Barbarian,Action
Cat Run,Action
Tough Enough,Action
Royal Jelly,Horror
Benji the Hunted,Adventure
Alaska,Adventure
Ring of Death,Action
Necromancer,Horror
Crossworlds,Fantasy
The Well,Fantasy
Martin,Horror
Final Destination 5,Horror
Lost Horizon,Adventure
Project Viper,Fantasy
Barely Lethal,Action
Rucker,Horror
The Reunion,Action
The Road Killers,Action
Bushwick,Action
S.W.A.T,Action
Let's Get Harry,Adventure
The Strangers,Horror
Wendigo,Horror
Impact Earth,Action
Fearless Frank,Fantasy
The Mod Squad,Action
Nemesis,Fantasy
Escapee,Horror
Finding Ohana,Adventure
Orgy of the Dead,Fantasy
Ricochet,Action
Snitch,Action
Wer,Horror
One Foot in Hell,Western
Bloodsport,Action
Revealer,Horror
Top Dog,Action
Double Bang,Action
Top Gun: Maverick,Action
Jolt,Action
Attila,Adventure
Two Came Back,Adventure
Fighting Back,Action
Before I Wake,Horror
Chisum,Western
The Tall Stranger,Western
The Gravy Train,Action
Second Nature,Action
Alien Nation,Fantasy
Smosh: The Movie,Adventure
Willow Creek,Horror
Yoga Hosers,Horror
Bullet for a Badman,Western
VFW,Action
Prom Night,Horror
Green Fire,Adventure
Nobody,Action
Honeydew,Horror
Grey Owl,Adventure
America 3000,Adventure
Drive,Action
Four Faces West,Western
Top Gun,Action
Little Monsters,Horror
The Collection,Horror
Gold,Adventure
Maneater,Horror
Perfect Weapon,Action
Eloise,Horror
The Tingler,Horror
The Revengers,Western
Lake Placid,Adventure
Timestalkers,Fantasy
The Hunter,Adventure
In Her Line of Fire ,Action
Equilibrium,Fantasy
The Big Hit,Action
Poltergeist,Horror
Colorado Territory,Western
Winterhawk,Western
Alien Predator,Fantasy
Jungle Cruise,Adventure
Apache,Western
Tarzan Escapes,Adventure
Camera Obscura,Horror
Haunting,Horror
Robinson Crusoe,Adventure
Ocean's Thirteen,Action
Succubus: Hell-Bent,Horror
The Horse Soldiers,Western
Julia,Horror
Three Violent People,Western
The Emerald Forest,Adventure
Defiance ,Action
Virtuosity,Fantasy
F6 Twister,Action
Millennium,Fantasy
Sleepy Hollow,Horror
Cold Fusion,Action
The Toolbox Murders,Horror
Stagecoach,Western
Scar City,Action
Lassie,Adventure
Fort Utah,Western
Day of the Evil Gun,Western
A Plumm Summer,Adventure
Android,Fantasy
Secret Headquarters,Fantasy
Decision at Sundown,Western
Reap the Wild Wind,Adventure
The Breaking Point,Adventure
Talons of the Eagle,Action
Python,Horror
Band of Robbers,Adventure
The President's Man,Action
The Desperadoes,Western
The Badlanders,Western
Rollerball,Action
Dead Trigger,Action
Clown,Horror
Black as Night,Horror
Firestorm,Adventure
Arizona Raiders,Western
Stake Land,Horror
Scream 2,Horror
The Tripper,Horror
The Bay,Fantasy
Barbarian,Horror
The Order,Action
Damnation Alley,Fantasy
Mimic 2,Horror
Three Kings,Adventure
Witchboard,Horror
The Rescue,Adventure
Two for Texas,Western
The Half-Breed,Western
Ride a Crooked Trail,Western
Stealth,Action
The Dinosaur Hunter,Adventure
Hell's Half Acre,Action
Wild Justice,Action
Monster Problems,Fantasy
The Box,Fantasy
Spawn,Fantasy
Crystal Skulls,Fantasy
Bumblebee,Fantasy
Invaders From Mars,Fantasy
Madron,Western
The Puppet Masters,Fantasy
The Rawhide Years,Western
Tin Man,Adventure
King Jack,Adventure
Smith!,Western
Mercenary,Action
Starry Eyes,Horror
I Am Wrath,Action
Under Siege,Action
The Maverick Queen,Western
Family Blood,Horror
Premium Rush,Action
The Final Countdown,Fantasy
The Bad Batch,Fantasy
Aliens,Fantasy
Geronimo,Western
Mad God,Fantasy
American Made,Action
Videodrome,Horror
Fear of Flying,Action
Red Sonja,Fantasy
Rewind,Fantasy
Doctor Sleep,Horror
Airspeed,Action
Bad Dreams,Horror
Scream 4,Horror
X-Files The Movie,Fantasy
The Hateful Eight,Western
Medicine Man,Adventure
After She Wakes,Horror
Infinite,Fantasy
Smiley,Horror
Meteor Apocalypse,Adventure
Joshua,Horror
Cliffhanger,Action
King Solomon's Mines,Adventure
The Satan Bug,Fantasy
Disturbing Behaviour,Horror
Christine,Horror
Bad Milo,Horror
Mirrors 2,Horror
Motocross Kids,Action
Con Express,Action
Death Race 2050,Action
Piranha 3DD,Horror
The Host,Fantasy
Black Rose,Adventure
The Last Boyscout,Action
22 Jump Street,Action
The Faculty,Horror
Train,Horror
Hooper,Adventure
Fallout,Fantasy
Lovers Lane,Horror
Fire Down Below,Adventure
Ultraviolet,Fantasy
Ninja Assassin,Action
Wyoming Mail,Adventure
Rob Roy,Adventure
Willow,Fantasy
Trooper Hook,Western
Double Team,Action
The Zero Theorem,Fantasy
The Owl,Action
Evil Eyes,Horror
Drango,Western
Six Black Horses,Western
Cat's Eye,Fantasy
The Scorpion King,Adventure
China O'Brien,Action
This Is Our Home,Horror
Desert Hawk,Adventure
Firewalker,Adventure
The Bounty Hunter,Action
Dark Relic,Fantasy
The Shadow Effect,Action
San Antonio,Western
Excessive Force,Action
Breaker! Breaker!,Action
Bulletproof,Action
Don't Breathe 2,Horror
Christmas Bounty,Action
The Howling: Reborn,Horror
The Veil,Horror
S.H.E.,Adventure
The Devil's Candy,Horror
Hell Bent,Western
Satan's Sadists,Action
Savage Sam,Western
Crossing Point,Action
Warrior Angels,Action
The Kentuckian,Western
The Mummy,Horror
Death Wish,Action
The Adderall Diaries,Action
BrightBurn,Horror
Love Finds a Home,Western
Ramrod            ,Western
It: Chapter Two,Horror
Dance of the Dead,Horror
Wild Women,Western
Red Sundown,Western
Today You Die,Action
Universal Soldier,Action
Dead Rising: Endgame,Horror
The First Purge,Action
Missing in Action,Adventure
Hercules in New York,Fantasy
Ambush,Western
The Legend of Tarzan,Action
Gacy,Horror
The Night Crew,Action
Ghosthunters,Horror
Serenity,Fantasy
The Brotherhood,Horror
The Curse,Horror
A Lawless Street,Western
Repo Man,Action
Final Score,Action
Ladyhawke,Fantasy
Solo,Action
Event Horizon,Fantasy
She-Devils on Wheels,Action
Snow Job,Action
Voyagers,Fantasy
The Hard Corps,Action
Valley of the Kings,Adventure
Nightmares,Horror
Most Dangerous Game,Action
Outlaws and Angels,Horror
Alvarez Kelly,Western
99 River Street,Action
Vampires vs. Zombies,Horror
Morgan,Fantasy
Grayeagle,Adventure
Evolution,Fantasy
Picture Mommy Dead,Horror
Unstoppable ,Action
Robot Monster,Fantasy
The Gunfighter,Western
Winchester '73,Western
Frankenstein,Horror
The Plainsman,Western
Bend of the River,Western
Sahara,Adventure
Die in a Gunfight,Action
Wildlike,Adventure
The Keeper,Action
Rollerball,Fantasy
Boa vs. Python,Fantasy
Rampage,Action
Deep Waters,Adventure
True Grit ,Western
Point Break,Action
The Hidden,Fantasy
Cleopatra Jones,Adventure
Ride Along,Action
Last Shift,Horror
Assault on Dome 4,Fantasy
The Bye Bye Man,Horror
Thunder in the East,Adventure
Suicide Squad,Action
Johnny Reno,Western
Meteor,Fantasy
Army of Darkness,Horror
The Whip Hand,Fantasy
Leatherface,Horror
In time,Fantasy
Lethal Weapon 4,Action
Green River Killer,Horror
Duel in the Sun,Western
Copper Canyon,Adventure
Gorillas in the Mist,Adventure
The Shootist,Western
White Zombies,Horror
Hell on the Border,Action
Urgency,Action
Night of the Ghouls,Horror
Southland Tales,Fantasy
The Sand Pebbles,Adventure
The Final Conflict,Horror
Malone,Action
Bite the Bullett,Western
The Silver Whip,Western
Mr. Stitch,Horror
Men in Black,Fantasy
The Car,Horror
The Spikes Gang,Western
2012: Supernova,Action
Ticks,Horror
Eraser,Action
Hard Kill,Action
Knockaround Guys,Action
Dead & Buried,Horror
Near Dark,Horror
Airport '77,Action
News of the World,Western
The Condemned,Action
The Last Command,Western
Android Cop,Action
Courage Under Fire,Adventure
Mr. Majestyk,Action
Monster Ark,Fantasy
Gunslinger,Western
Smile,Horror
Bereavement,Horror
The Craft: Legacy,Horror
Lethal Weapon,Action
Krocodylus,Horror
Wild Rovers,Western
Last Man Standing,Action
Warning Sign,Action
The Cimarron Kid,Western
Like Dogs,Horror
Chain Reaction,Adventure
Wilder Napalm,Fantasy
Absentia,Horror
The Scalphunters,Western
Santa Fe Stampede,Western
Crazed,Horror
Kill Switch,Fantasy
Watusi,Adventure
Shane,Western
Frankenfish,Horror
The Deadly Trackers,Western
The Gypsy Moths,Adventure
Ice Cream Man,Horror
The Omen,Horror
Deadly Blessing,Horror
Death Race 2000,Fantasy
Odd Thomas,Fantasy
Don't Breathe,Horror
Never Say Die,Action
Deathbed,Horror
7 Mummies,Horror
Black Patch,Western
A Night on the Town,Adventure
Beast of Burden,Action
Junior Bonner,Western
Night of the Warrior,Action
Taras Bulba,Adventure
The Invitation,Horror
Asteroid vs. Earth,Action
The Wasp Woman,Horror
The Nesting,Horror
Stay,Horror
Beauty and the Beast,Fantasy
Swamp Shark,Horror
Shaft in Africa,Adventure
The Wrong Man,Action
El Dorado,Western
Saving Flora,Adventure
Hero Wanted,Action
Cracker Jack,Action
sxtape,Horror
Men in Black II,Fantasy
Bloodshot,Action
Martian Land,Action
Boss Level,Action
Unknown Island,Adventure
Scorcher,Action
The Fabulous Texan,Western
Chamber of Horrors,Horror
Country,Adventure
The Eye,Horror
2012,Action
Showdown at Abilene,Western
Death Wish 3,Action
Fort Massacre,Western
Scream,Horror
Mr. Billion,Action
Jupiter Ascending,Fantasy
Hollow Man,Fantasy
Ready Player One,Fantasy
Devil's Due,Horror
Beyond the Stars,Adventure
The Furies,Western
The Sheepman,Western
Tokarev,Action
Lost Signal,Horror
Mission of Danger,Adventure
Candyman,Horror
Tornado!,Action
Hellraiser: Inferno,Horror
A Day of Fury,Western
The Glimmer Man,Action
The Rare Breed,Western
Mackenna's Gold,Western
Bulletproof Monk,Action
Heart Condition,Fantasy
Untamed Frontier,Western
Inferno,Fantasy
Thunder in the Sun,Western
The Command,Western
Lovely Molly,Horror
Delirium,Horror
Wish Upon,Horror
The Manitou,Horror
Gulliver's Travel,Fantasy
Empire State,Action
Two-Fisted Tales,Horror
The Tall T,Western
Tom and Huck,Adventure
The Last Hard Men,Western
Black Box,Horror
Free Willy,Adventure
The Tall Men,Western
Invitation to Hell,Horror
Mayhem,Action
Cattle Empire,Western
Primeval,Horror
Second Chance,Adventure
A Dangerous Man,Action
The Lost City of Z,Adventure
Hostel,Horror
The Killer Elite,Action
New Frontier,Western
Rage,Action
Black Dawn,Action
Tip on a Dead Jockey,Adventure
The Four Feathers,Adventure
Midnight Chronicles,Action
The Raid,Adventure
The Omega Man,Fantasy
Puppet Master II,Horror
Primal Force,Action
BrainWaves,Horror
Steel Dawn,Fantasy
Cult of Chucky,Horror
Proximity,Fantasy
Arrow In the Dust,Western
Screamers,Fantasy
Twelve Monkeys,Fantasy
The Running Man,Fantasy
The Kid,Western
White Feather,Western
Jurassic Galaxy,Fantasy
Hack!,Horror
10.0 Earthquake,Action
Turtle Diary,Adventure
Viper,Action
Circus World,Adventure
Puppet Master 4,Horror
Aftershock,Horror
Virtual Storm,Fantasy
Totem,Horror
They,Horror
Iceman,Fantasy
Road to Denver,Western
Thursday,Action
Trail Street,Western
The Alamo,Western
Pirates of Tortuga,Adventure
Overland Telegraph,Western
Dolls,Horror
Flaming Star,Western
Fantasy Island,Horror
Billy the Kid,Western
Deer Woman,Horror
Gamer,Action
The Glass Shadow,Fantasy
Monte Walsh,Western
O.P. Center,Adventure
CHiPs,Action
Rio Bravo,Western
The Iroquis Trail,Adventure
Fifty/Fifty,Adventure
Shark Week,Action
American Refugee,Horror
Assassination,Action
The Jungle Book,Adventure
Pillars of the Sky,Western
2 Lava 2 Lantula!,Horror
Island of the Dead,Horror
Death Drop Gorgeous,Horror
Armstrong,Action
Star Wars,Fantasy
Dracula,Horror
Legionnaire,Action
Hypnotic,Horror
Critical Decision,Action
The Last Stand,Action
Yellowstone Kelly,Western
Inner Sanctum 2,Horror
Arthur's Quest,Adventure
Scanner Cop,Fantasy
A Man Alone,Western
Icebreaker,Action
Secondhand Lions,Adventure
Hills of Home,Adventure
The Nevadan,Western
Tower Heist,Action
Kickboxer 5,Action
Forever Amber,Adventure
Overlord,Horror
Avenging Force,Action
Driven,Action
Monstrosity,Horror
Coin Heist,Action
The Real McCoy,Action
Hitman: Agent 47,Action
The Reaping,Horror
Synchronicity,Fantasy
Collision Course,Action
Breaking at the Edge,Horror
Pumpkinhead,Horror
Souls at Sea,Adventure
Wild Wild West,Fantasy
The Hunger,Horror
The A-Team,Action
Time Lapse,Fantasy
Simon Says,Horror
The Mosquito Coast,Adventure
Resurrection,Fantasy
The Dark Red,Action
Needful Things,Horror
Posse,Western
Chernobyl Diaries,Horror
Zarkorr! The Invader,Fantasy
Mutiny,Adventure
Gladiator,Adventure
Blade: Trinity,Action
A Time for Killing,Western
Arabian Nights,Adventure
Child's Play,Horror
Polar Storm ,Action
Next,Fantasy
Death Race,Action
Tourist Trap,Horror
American Warships,Action
Deep Burial,Fantasy
Jesse James,Western
6 Bullets,Action
The Last Frontier,Western
The Ambushers,Adventure
Double Dragon,Action
Bullfighter,Western
Beneath Loch Ness,Adventure
The Dentist,Horror
Robocop,Fantasy
Misfire,Action
The Exorcist,Horror
Drive Angry 3D,Action
House,Horror
Days of Thunder,Action
Gargantua,Fantasy
Need for Speed,Action
Empire Strikes Back,Fantasy
Bulletproof,Action
Bubble Boy,Adventure
She,Adventure
The Black Stallion,Adventure
Bicentennial Man,Fantasy
Cybernatural,Horror
Dead in the Water,Horror
Star Trek: Voyager,Fantasy
Pocket Money,Western
Fall Time,Action
Bandolero!,Western
Crazy Murder,Horror
Butcher Boys,Horror
Cowboy,Western
Replicas,Fantasy
The Covenant,Horror
Class of 1999,Fantasy
Lies & Illusions,Action
Sharpshooter ,Action
Antibirth,Horror
Saw III,Horror
The Walking Dead,Horror
The Hangman,Western
Lost Treasure,Action
Evil Eye,Horror
Jessabelle,Horror
The Time Machine,Fantasy
Tonight She Comes,Horror
Hard to Kill,Action
Dr. Giggles,Horror
Cheyenne Autumn,Western
Son of Fury,Adventure
The Rage: Carrie 2,Horror
Wyoming Outlaw,Western
Stone Cold,Action
Django Unchained,Western
Beautiful Creatures,Fantasy
Planet of Dinosaurs,Fantasy
Pursuit of Honor,Adventure
13 Sins,Horror
The Last Voyage,Action
Blue Demon,Horror
Stealth Fighter,Action
Bad Company,Western
Blue Heat,Action
Gun,Action
Mowgli,Adventure
Tarantula,Fantasy
No One Lives,Horror
Armageddon,Fantasy
Life on the Line,Action
Bride of the Monster,Horror
Hard Bounty,Western
Along Came Jones,Adventure
August Underground,Horror
Little Spies,Adventure
Evil Dead,Horror
Don't Knock Twice,Horror
Twilight,Fantasy
8 Bit Christmas,Fantasy
Return to Oz,Fantasy
Sucker Punch,Action
The Deerslayer,Western
Fast & Furious,Action
The Left Hand of God,Adventure
The Iron Mask,Adventure
Olympus Has Fallen,Action
Reeker,Horror
Firetrap,Action
Plunder of the Sun,Adventure
Warlock,Western
The Menu,Horror
Appaloosa,Western
Blood Alley,Adventure
Deuces Wild,Action
Air Rage,Action
The Delta Force,Action
Catch .44,Action
The Body Snatcher,Horror
Underwater!,Adventure
American Outlaws,Western
The Hallelujah Trail,Western
The Greasy Strangler,Horror
The Punisher,Action
The Claim,Western
Knock Off,Action
The Maze Runner,Fantasy
Communion,Fantasy
The Lost Boys,Horror
Cross,Action
The Bears and I,Adventure
She,Fantasy
Sideshow,Horror
Ivanhoe,Adventure
Exit Wounds,Action
My Friend Flicka,Adventure
Texas Rangers,Western
Europa Report,Fantasy
I Am Number Four ,Fantasy
Joe Dakota,Western
The Midnight Man,Horror
Tarzan's Peril,Adventure
Redhead From Wyoming,Western
Joe Kidd,Western
Date with an Angel,Fantasy
Night of the Wild,Horror
Gretel and Hansel,Horror
Happy Death Day 2U,Horror
Explorers,Fantasy
The Beast,Horror
Boogeyman 2,Horror
Nothing Left to Fear,Horror
Ocean Tribe,Adventure
The Undefeated,Western
Cabin Fever,Horror
Solarbabies,Fantasy
Five Weeks in Ballon,Adventure
Stick,Action
Plymouth Adventure,Adventure
Vamp,Horror
Max Payne,Action
Divergent,Fantasy
Annabelle Comes Home,Horror
Bride of Chucky,Horror
Cover-up,Action
Almost an Angel,Fantasy
The Darkest Minds,Fantasy
Skyscraper,Action
Countdown,Horror
Wyatt Earp's Revenge,Western
Scarlet Angel,Adventure
Alligator people,Horror
Bucking Broadway,Western
Eight Legged Freaks,Fantasy
Double Impact,Action
THX 1138,Fantasy
Night's End,Horror
Rush,Action
Cahill U. S. Marshal,Western
D. A. R. Y. L.,Fantasy
They Crawl,Horror
The 27th Day,Fantasy
Supercroc ,Action
Possessed,Horror
The Signal,Horror
The Thief of Bagdad,Adventure
Last Knights,Action
Bethany,Horror
Johnny Concho,Western
Zombie Strippers,Horror
American Ultra,Action
2 Fast 2 Furious,Action
Swamp Thing,Horror
Black Eye,Action
The Evil That Men Do,Action
Leprechaun: Origins,Horror
Maniac Cop 2,Horror
These Thousands Hill,Western
Autopsy,Horror
XX,Horror
Bingo,Adventure
King of the Pecos,Western
Cat People,Horror
Seizure,Horror
Vengeance Valley,Western
Respire,Horror
Fake-Out,Action
Jamaica Run,Adventure
Rapa Nui,Adventure
The Lone Ranger,Action
Stranded,Action
Triassic Attack,Horror
Homefront,Action
The Spring,Fantasy
From Dusk Till Dawn,Horror
The Cutter,Action
Militia,Action
Jack Goes Home,Horror
Mighty Joe Young,Adventure
Evil Never Dies,Horror
Star Trek. Nemesis,Fantasy
Abilene Town,Western
Sidekicks,Action
Point Blank,Action
Labou,Adventure
5 Card Stud,Western
Young Guns,Western
Fast & Furious 7,Action
Gun for a Coward,Western
Fort Worth,Western
Passage West,Western
The Hunters,Adventure
Crawl,Horror
Switchblade Sisters,Action
Agoraphobia,Horror
Gulag,Adventure
Billy the Kid,Western
Dumbo,Fantasy
The Cell,Fantasy
Vendetta,Action
Z for Zachariah,Fantasy
The Mummy's Hand,Horror
Leprechaun Returns,Horror
Martial Outlaw,Action
The Way of War,Action
Ten Who Dared,Adventure
Stonados,Fantasy
Legion,Fantasy
Terrifier 2,Horror
Passion,Adventure
Diary of a Madman,Horror
Carrie,Horror
Renegades,Western
Seed of Chucky,Horror
Lake Placid 2,Horror
Scream 3,Horror
Last Woman on Earth,Horror
Killers from Space,Fantasy
Con Air,Action
Maniac,Horror
Sphere,Fantasy
Flipper,Adventure
Trip,Horror
Villa Rides,Adventure
Love's Long Journey ,Western
Highlander: Endgame,Action
War,Action
A.I. Assault,Action
Tomorrowland,Fantasy
Ford v. Ferrari,Action
Moondance Alexander,Adventure
Countdown,Action
WW3,Action
The Marine 2,Action
The Forbidden Planet,Fantasy
Jurassic City,Action
Tidal Wave no Escape,Fantasy
Gun Glory,Western
Crazy Horse,Western
Spaced Invaders,Fantasy
The Ouija Experiment,Horror
Gunfighter,Western
L.A. Apocalypse,Action
Blue City,Action
Cloverfield,Action
Candyman,Horror
The Open House,Horror
The Keep,Horror
The Damned Thing,Horror
Game of Death,Action
Komodo vs. Cobra,Horror
Top of the World,Action
Rampart,Action
Don't Kill It,Fantasy
Lawman,Western
The Oklahoma Kid,Western
3:10 to Yuma,Western
The Hidden 2,Fantasy
Turbulent Skies,Action
Cariboo Trail,Western
Quintet,Fantasy
Freddy vs. Jason,Horror
The Devil's Rain,Horror
Comes a Horseman,Western
Dark Water,Horror
The Dunwich Horror,Horror
The Expendables 3,Action
Deranged,Horror
Heebie Jeebies,Horror
Geronimo,Western
Sand Serpents ,Action
Red River,Western
West of the Pecos,Western
Cam,Horror
Clash of the Titans,Adventure
Blood on the Arrow,Western
Death Hunt,Adventure
Laserblast,Fantasy
Lost Continent,Fantasy
Mimic,Horror
Charlie's Angels,Action
Anguish,Horror
Mysterious Island,Adventure
Adam & Evil,Horror
A Deadly Obsession,Action
My Little Chickadee,Western
Killer Mountain,Horror
Predator 2,Fantasy
Martin,Horror
Kill'em All,Action
Mother Lode,Western
1BR,Horror
It,Horror
The Swarm,Action
Chrome Angels,Action
Studio 666,Horror
Gladiator,Action
Alpha,Action
The Giant Claw,Fantasy
Escape From Zahrain,Adventure
The Fiercest Heart,Adventure
Pursuit to Algiers,Adventure
Devil Winds,Action
The Unhealer,Fantasy
Hellraiser: Judgment,Horror
Broken Arrow,Action
Call of the Wild,Adventure
Unforgiven,Western
The Commuter,Action
Solaris,Fantasy
Thunder over Arizona,Western
Christopher Robin,Adventure
Generation X,Action
Snowbeast,Horror
Street Knight,Action
Heart of Darkness,Adventure
The Last Rebel,Western
We Can Be Heroes,Fantasy
The Wolverine,Fantasy
Jackson County Jail,Action
Spell,Horror
Cold Harvest,Action
The Princess Bride,Fantasy
Journey to Shiloh,Western
Saturn 3,Fantasy
Detention,Horror
Age of the Dragons,Fantasy
The Desperados,Western
High Plains Drifter,Western
Barquero!,Western
Bliss,Fantasy
Hammer of the Gods,Action
4D Man,Fantasy
The Burning Dead,Horror
The Monster,Horror
The Belko Experiment,Action
Backmask,Horror
Truth or Dare,Horror
Excalibur,Fantasy
Diamondbacks,Action
Chopping Mall,Action
Masterminds,Action
Death Tunnel,Horror
The ABCs of Death,Horror
American Muscle,Action
Homicidal,Horror
The Villain,Western
Diary of the Dead ,Horror
Apocalypse Pompeii,Action
Frogs,Horror
Singularity,Fantasy
Seven Women,Western
Teen Wolf,Action
Headspace,Horror
Messiah of Evil,Horror
El Condor,Western
Trilogia del terrore,Horror
Behind Enemy Lines,Action
Kull The Conqueror,Fantasy
Rogue Warfare,Action
The Endless,Horror
The Nun,Horror
Rollover,Action
The King's Thief,Adventure
The Peacekeeper,Action
Open Range,Western
Chocolate,Horror
The Hills Have Eyes,Horror
Eddie Macon's Run,Action
Cobra Woman,Adventure
The Blue Bird,Adventure
Hard Rain,Action
Chain of Command,Action
Bullet,Action
Kill Switch,Action
Boy on a Dolphin,Adventure
Debt Collectors,Action
The Abyss,Fantasy
Ice Station Zebra,Adventure
Against All Flags,Adventure
Cannon for Cordoba,Western
Preservation,Horror
Hostiles,Adventure
A Man Called Horse,Adventure
South of Heaven,Action
Street Warrior,Action
Backwoods,Horror
The Burrowers,Horror
Uncivilized,Action
Courage,Adventure
The Buccaneer,Adventure
Mission of Justice,Action
Against the Dark,Action
Outlander,Fantasy
Zits,Adventure
The Lone Star,Western
Zoom,Adventure
The Klansman,Action
Courage of Lassie,Adventure
Mojave,Action
Teenage Cave Man,Fantasy
The Siege,Action
Shakedown,Action
Jug Face,Horror
Wyatt Earp,Western
Death Machine,Fantasy
Between Worlds,Action
You'll Find Out,Horror
Below,Horror
Midnight Sun,Adventure
Young Billy Young,Western
Losin' It,Adventure
Thrashin',Action
Carnage Park,Horror
Love Comes Softly ,Western
Blue Crush,Action
The Wind,Horror
Man in the Saddle,Western
Lionheart,Action
What Josiah Saw,Horror
Sleight,Action
Firecreek,Western
U.S. Seals II,Action
On Wings of Eagles,Action
Super 8,Fantasy
Beneath,Horror
Best of the Best 2,Action
Lust for Gold,Western
Critical Mass,Action
Assassination Games,Action
Spring Breakers,Adventure
Jurassic World,Fantasy
The Quiet Ones,Horror
Red River,Western
The Werewolf,Fantasy
Catlow,Western
Killing Gunther,Action
Walker,Adventure
Puncture Wounds,Action
Moby Dick,Adventure
The Stunt Man,Action
The Three Musketeers,Adventure
Silver Lode,Western
Wonder Woman,Action
Hideous!,Horror
The Proud Rebel,Western
Pit Stop,Action
Yankee Buccaneer,Adventure
Brake,Action
Dead Man Down,Action
Cutthroat Island,Adventure
The Outsider,Action
Frailty,Horror
The Howling,Horror
The Iron Horse,Western
A Wrinkle in Time,Adventure
Galgameth,Adventure
Act of Valor,Action
The Vatican Tapes,Horror
Sator,Horror
Paycheck,Fantasy
Den of Thieves,Action
Dead Night,Horror
Trick 'r Treat,Horror
Breaking Dawn,Horror
Progeny,Horror
Savaged,Horror
Back in Business,Action
Alien Raiders,Horror
Behind You,Horror
Ride Along 2,Action
Devil,Horror
Arrival,Fantasy
Donnie Darko,Fantasy
The Mark of Zorro,Adventure
A Man Apart,Action
The Blob,Fantasy
The Aurora Encounter,Fantasy
Isolation,Action
Sabotage,Action
Whispering Smith,Western
Flight to Mars,Fantasy
The Indian Fighter,Western
Wheelman,Action
Living & Dying,Action
See No Evil,Horror
Freejack,Fantasy
2012: Ice Age,Action
The Wraith,Action
The Tracker,Western
Prime Evil,Horror
5 Days of War,Action
Teenage Caveman,Fantasy
Evil Dead 2,Horror
White Fang,Adventure
The Last Sunset,Western
The Rounders,Western
Goosebumps,Adventure
The Time Machine,Fantasy
Impostor,Fantasy
Frank and Jesse,Western
Urban Justice,Action
Heist,Action
Bright,Action
Kickboxer: Vengeance,Action
Horizons West,Western
American Ninja V,Action
The Congress,Fantasy
Runaway,Fantasy
Bernie The Dolphin,Adventure
Armed Response,Action
The Pathfinder,Adventure
Jiu Jitsu,Fantasy
Shoot 'Em Up,Action
The Rum Diary,Adventure
Entropy,Horror
Night Passage,Western
Chill Factor,Action
Angel Has Fallen,Action
Waco,Western
The Outriders,Western
Salem's Lot,Horror
Hatchet III,Horror
The 13th Warrior,Adventure
Campfire Tales,Horror
The Beastmaster,Fantasy
Hereditary,Horror
Nightwatch,Horror
Demolition Man,Fantasy
The Call of Cthulhu,Fantasy
The Exterminator,Action
More Than Murder ,Action
The Big Trail,Adventure
Primal,Action
Zombie Night,Horror
Space Cowboys,Fantasy
Tom Horn,Western
Battle: Los Angeles,Action
Run for the Sun,Adventure
Day of Reckoning,Action
Ice Sharks,Action
Vampire Story,Horror
Return of the Jedi,Fantasy
Predator,Action
Dreamcatcher,Fantasy
The Missouri Breaks,Western
Scream 5,Horror
Call of the Wild,Adventure
The Wolf Man,Horror
The Spanish Main,Adventure
Deadtime Stories,Horror
Kangaroo,Adventure
Fort Dobbs,Western
Among the Shadows,Horror
Robocop 3,Fantasy
Day of the Outlaw,Western
Princess of Thieves,Adventure
Battlefield Earth,Fantasy
Empire ,Action
Shooter,Action
The Mummy,Action
Planet of the Sharks,Action
The Last Outpost,Western
Black Adam,Fantasy
Moon of the Wolf,Horror
The Far Horizons,Western
Tall Man Riding,Western
Rio Grande,Western
Species III,Horror
Elephant White,Action
Cheyenne,Western
Asher,Action
Rim of the World,Adventure
Mortuary,Horror
Westward the Women,Western
Time Freak,Fantasy
Jonah Hex,Action
Born a Champion,Action
Heat,Adventure
Gunfight in Abilene,Western
Maya,Adventure
Super Mario Bros,Adventure
Finders Keepers,Horror
Pawn Shop Chronicles,Action
Airborne,Adventure
Lost in Space,Fantasy
The Lawless Breed,Western
The Forsaken,Horror
Rose Hill,Western
Immortals,Action
The Toxic Avenger,Action
Mockingbird,Horror
The Undead,Horror
The King's Pirate,Adventure
Shark Night 3D,Horror
Code Red,Horror
Berkeley Square,Fantasy
Seance,Horror
The Bravados,Western
The Apparition,Horror
The Hunted,Action
P2,Horror
Some Kind of Hate,Horror
Dead Drop,Action
Insidious: Chapter 2,Horror
Fast & Furious 6,Action
Rambo III,Action
Freeze Frame,Action
Seakiller,Adventure
Frenchie,Western
Flight World War II,Fantasy
Macabre,Horror
Carnosaur,Horror
The Amusement Park,Horror
Bad Girls,Western
Life Like,Fantasy
Proof of Life,Action
Shelter in Place,Horror
Maniac Cop,Horror
Phantoms,Horror
Conspiracy,Action
Scream for Help,Horror
Mission to Mars,Fantasy
Aftermath,Horror
The Three Outlaws,Western
Kong: Skull Island,Action
Lucky Lady,Adventure
They Rode West,Western
Arkansas,Action
Shoot Out,Western
The Rig ,Action
Joshua Tree,Action
Deadlock,Adventure
Satanic,Horror
The Boy,Horror
Shark Attack,Action
Thunder in Paradise,Adventure
Rampage,Adventure
Jarhead 3: The Siege,Action
Fast Five,Action
Black Christmas,Horror
Castle Freak,Horror
Creepshow 2,Horror
The Three Musketeers,Adventure
Animal,Horror
Cheyenne Warrior,Western
Ladder 49,Action
Silent Running,Fantasy
Hackers,Action
Sniper: Legacy,Action
Seattle Superstorm,Action
Gods of Egypt,Adventure
A Gunfight,Western
Blood and Bone,Action
The Art of War,Action
Dead Man,Western
When Worlds Collide,Fantasy
The Hulk,Fantasy
The Newton Boys,Western
Cross 2,Action
Antlers,Horror
A-X-L,Fantasy
ARQ,Fantasy
Riddick,Action
Evolver,Fantasy
Cradle 2 the Grave,Action
Absolute Deception,Action
Eruption: LA,Action
The Rage,Action
Belle Starr,Western
Alien: Covenant,Fantasy
I eat your skin,Horror
Don Quixote,Adventure
Indigenous,Horror
Bending the Rules,Action
The Son of Sheik,Adventure
The Wrath of God,Adventure
Mail Order Bride,Western
The Bandit Queen,Adventure
Vibes,Adventure
Creature,Horror
The Wretched,Horror
24: Redemption,Action
Mission of Justice,Action
The Visit,Horror
Wargames,Fantasy
Street Trash,Horror
The Swordsman,Action
Vault,Action
Stay Alive,Horror
Alita: Battle Angel,Fantasy
Conquest of Cochise,Western
Destry,Western
Monstrous,Horror
Catacombs,Horror
The Empty Man,Horror
Underclassman,Action
Bloodsport 2,Action
House of Darkness,Horror
The Recall,Fantasy
Harbinger Down,Horror
The River Wild,Adventure
Eye of the Tiger,Action
Nemesis 2: Nebula,Fantasy
Nim's Island,Adventure
Nightmare Cinema,Horror
El Mariachi,Action
Bedeviled,Horror
Right at Your Door,Fantasy
Reminiscence,Fantasy
Québec,Adventure
Piraña 2,Horror
Far Country,Western
Contagion,Action
Deep Star Six,Fantasy
The Vault,Horror
The Naked Witch,Horror
Bird Box,Fantasy
Double Take,Action
Starflight One,Adventure
Prey,Horror
The Manor,Horror
Posse,Western
Precious Find ,Fantasy
Santa Fe Trail,Western
China Seas,Adventure
Somewhere in Time,Fantasy
Fistful of Vengeance,Action
Bats: Human Harvest,Horror
Solstice,Horror
Tales from the Crypt,Horror
The Millionaire Tour,Action
Amusement,Horror
Blade,Action
Pacific Rim,Action
Gulliver's Travels ,Fantasy
3 Ninjas,Action
VANish,Action
So Red the Rose,Adventure
The Terminators,Action
In God's Hands,Adventure
A Dog's Way Home,Adventure
Invisible Man,Fantasy
Rescue Me,Action
Wagon Master,Western
Supernova,Fantasy
Dark Star,Fantasy
The Land Unknown,Fantasy
Absolution,Action
Hercules Reborn,Action
Annihilation Earth,Action
North Shore,Adventure
The Atomic Submarine,Fantasy
Togo,Adventure
Golden Needles,Action
Cowboys & Aliens,Action
Old Henry,Western
Goin' South,Western
Trader Horn,Adventure
Hold Your Breath,Horror
Speed,Action
Beetlejuice,Fantasy
Guns of Diablo,Western
The Mummy,Adventure
Arena,Action
Without Warning,Fantasy
Suburban Commando,Fantasy
Trucks,Horror
Landslide,Adventure
Salvage,Horror
Pathfinder,Action
Kronos,Fantasy
The Paradise Virus,Action
The Tomorrow War,Fantasy
Camino,Action
Cimarron,Western
The Forest,Horror
Halo: Nightfall,Fantasy
Kill Chain,Action
The Green Inferno,Horror
Certain Fury,Action
Scaramouche,Adventure
Seventh Cavalry,Western
Pet Sematary,Horror
Army of the Dead,Horror
Jumping Ship,Adventure
Coffy,Action
Airline Disaster,Action
A House on the Bayou,Horror
The Forgotten,Horror
Invaders from Mars,Fantasy
The Lonely Trail,Western
Halloween Kills,Horror
Looper,Action
Tumbleweeds,Western
Poltergeist,Horror
Magic in the Water,Fantasy
The Virginian,Western
Three for the Road,Action
Face of Terror,Action
The Big Country,Western
Hurricane,Action
Gun Fury,Western
Demonic Toys,Horror
Winter's Tale,Fantasy
Firestarter,Fantasy
Ella Enchanted,Fantasy
Sundown,Horror
The Martian,Fantasy
Halloween,Horror
New York Ninja,Action
Tha Man from Laramie,Western
The Mummy's Tomb,Horror
Bengal Brigade,Adventure
Night of the Creeps,Horror
Scary Tales,Horror
Chains of Gold,Action
Captive State,Fantasy
Star Trek,Fantasy
The Hired Hand,Western
The Last Gangster,Action
The Bushwhackers,Western
Raw Edge,Western
Force of Execution,Action
Captain Kidd,Adventure
White Squall,Adventure
Wild Bill,Western
Man with the Gun,Western
Tumbleweed,Western
Broken Lance,Western
Flesh and Blood,Adventure
Huckleberry Finn,Adventure
House of Dracula,Horror
Skinned Deep,Horror
Rings,Horror
Deja vu,Fantasy
Robocop 2,Fantasy
The Book of Eli ,Action
Bandido,Western
Jack Reacher,Action
Fever Lake,Horror
Soylent Green,Fantasy
Machete Kills,Action
The Marksman,Action
Nowhere to Run,Action
Invasion Force,Action
Maximum Conviction,Action
Crash Landing,Action
The Lawless Range,Western
Leprechaun,Horror
Four Brothers,Action
Northwest Passage,Adventure
Hellboy,Fantasy
The Ox-Bow Incident,Western
Turistas,Horror
Corona zombies,Horror
4Got10,Action
Galaxy of Terror ,Action
Day of the Badman,Western
Schizoid,Action
Operation Rogue,Action
The Harder They Fall,Western
The Farmer,Action
John Wick 2,Action
Circle of Iron      ,Fantasy
Red Garters,Western
Bound by Honor,Action
The Dead Pit,Horror
Knock on any Door,Action
The Santa Clause 2,Fantasy
Fly Away Home,Adventure
Strange Invaders,Fantasy
Here Alone,Horror
Cybertech P.D.,Action
Relic,Horror
The Blue Bird,Fantasy
Tron Legacy,Fantasy
Transit,Action
Four for Texas,Western
The Great War,Action
Never Back Down 2,Action
Vampire Bats,Horror
Dinosaurus!,Adventure
The Equalizer,Action
Frankenstein,Horror
Savage Dog,Action
Neverland,Fantasy
Wing Commander,Fantasy
Jeepers Creepers III,Horror
The Black Castle,Horror
Transformations,Horror
Deathlands ,Action
Vera Cruz,Western
Strange Days,Fantasy
Timeline,Adventure
Habit,Horror
Bliss,Horror
Mile 22,Action
Realms,Horror
The Old Guard,Action
The Seance,Horror
Red,Action
The Black Hole,Fantasy
The Mechanic,Action
The Big Sky,Western
The Warriors,Action
The Island,Fantasy
Darlin',Horror
Video Kid,Adventure
Lavalantula,Horror
Dirty Little Billy,Western
The Crimson Pirate,Adventure
Crawlspace,Horror
Offspring,Horror
It,Horror
Carnival of Souls ,Horror
The Confession,Action
Tarzan in Manhattan,Adventure
Acts of Violence,Action
Avatar,Fantasy
Stasis,Fantasy
Terminator: Genisys,Fantasy
The Octagon,Action
The Texican,Western
The Package,Action
Princess Caraboo,Adventure
Final Destination,Horror
12 Rounds,Action
The Strange Door,Horror
The Rats,Horror
City of Angels,Fantasy
West of Hell,Western
The Andromeda Strain,Fantasy
The Plan,Action
Mohawk,Western
The Thing,Fantasy
Ride Clear of Diablo,Western
Invasion Roswell,Action
The Omen,Horror
13 Ghosts,Horror
3022,Fantasy
Undisputed,Action
Garden of Evil,Western
Zorro the Avenger,Adventure
YellowBrickRoad,Horror
Gun Brothers,Western
Bone Tomahawk,Horror
Milo,Horror
Running Free,Adventure
Deliverance,Adventure
Descendants 2,Fantasy
Catacombs,Horror
Miami Supercops,Adventure
Kansas,Adventure
Zardoz,Fantasy
Ma,Horror
Cyborg Cop 2,Action
Wishmaster,Horror
Canadian Pacific,Western
Westworld,Fantasy
Three From Hell,Horror
Teenage Monster,Fantasy
The Horror Show,Horror
Tonka,Western
Silent Warnings,Horror
Guinevere,Adventure
You're Next,Horror
Night of the Demons,Horror
The Marauders,Western
Three Young Texans,Western
The Covid Killer,Horror
The Mad Love,Horror
Commando,Action
Pony Express,Western
Starman,Fantasy
The Boogeyman,Horror
The Mighty Ducks,Action
Cherry 2000,Fantasy
Lionheart,Adventure
Chappie,Fantasy
Clash of the Empires,Fantasy
Seminole,Western
Red State,Horror
Storm,Action
Demon Knight,Horror
The Monster Squad,Fantasy
The Eagle,Adventure
Avengers Grimm,Fantasy
Haunt,Horror
Fury of the Dragon,Action
Man's Best Friend,Horror
Gambler from Natchez,Adventure
Out for a Kill,Action
Christmas Again,Adventure
Hollow Man II ,Action
The Premature Burial,Horror
The Patriot,Action
Never Back Down,Action
What Dreams May Come,Fantasy
From Noon till Three,Western
Freaked,Horror
The Net 2.0,Action
Pin,Horror
Long Distance,Horror
Witch Hunt,Horror
Deadly Outbreak,Action
The McMasters,Western
Quick Change,Action
Cabin Fever,Horror
The Wild North,Adventure
April Fool's Day,Horror
Roar,Adventure
No Way Back,Action
Halloween II,Horror
Angels Over Broadway,Adventure
Cosmic Sin,Fantasy
DNA,Fantasy
Alien Origin,Horror
Enchanted,Fantasy
Fort Vengeance,Adventure
Cyborg,Fantasy
Escape to Burma,Adventure
Skinwalker Ranch,Horror
Halloween Ends,Horror
Close Range,Action
A Lust to Kill,Western
Blood Feast,Horror
SpaceCamp,Fantasy
New Alcatraz,Action
The Unnamable,Horror
Resolution,Horror
Good Guys Wear Black,Action
Malevolent,Horror
Hour of the Gun,Western
Deep Blue Sea 3,Horror
Chain of Command,Action
The War Lord,Adventure
Darklight,Fantasy
Soldiers of Fortune,Action
Priest,Horror
The Bounty Killer,Western
Jurassic Park,Adventure
Haunted,Horror
Foxy Brown,Action
Bowery at Midnight,Horror
Saint Francis,Horror
Bottom Feeder,Horror
Session 9,Horror
Black Forest,Horror
Don't Blink,Horror
Rush Hour,Action
Gone in 60 Seconds,Action
The Guardian,Horror
Lone Wolf McQuade,Action
Under Siege II,Action
Last of the Redmen,Adventure
Montana Belle,Western
The Missing,Western
Hollywood Homicide,Action
Sworn to Justice,Action
The Ballad of Josie,Western
White Lightning,Action
Dark Eyes of London,Horror
Unfriended: Dark Web,Horror
Lost Horizon,Adventure
The Devil Bat,Horror
Dakota,Western
The Gun Hawk,Western
Uncharted,Adventure
Lone Survivor,Action
The Longhorns,Western
The Food of the Gods,Fantasy
Sinister 2,Horror
Samurai Cowboy,Adventure
Air Force One,Action
V/H/S: Viral,Horror
Deadwood - The Movie,Western
Creepozoids,Horror
Tape 407,Horror
Doctor Dolittle,Fantasy
See No Evil 2,Horror
The Avenging Angel,Western
Bad Boys II,Action
First Kill,Action
The Black Sleep,Horror
Six-String Samurai,Action
The Long Riders,Western
ZigZag,Action
Annabelle,Horror
Air Collision,Action
Rio Lobo,Western
Halloween,Horror
Captain Lightfoot,Adventure
The Sea Wolf,Adventure
The Tracker,Action
Congo,Adventure
Nomads,Horror
Sleepless Night,Action
Wolfen,Fantasy
Savages,Action
Bet Your Life,Action
Hard Target,Action
Hard Ground ,Western
Joy Ride 3,Horror
Halloween 5,Horror
Beowulf,Fantasy
Fear Street: 1666,Horror
The Mark of Zorro,Adventure
The Child,Horror
The Black Cat,Horror
Unstoppable,Action
New World Disorder,Action
Squirm,Horror
A Far Off Place,Adventure
The Conjuring,Horror
Machine Gun Preacher,Action
Captain Blood,Adventure
The Assent,Horror
Cocoon,Fantasy
Three Texas Steers,Western
Buried Alive ,Horror
At Sword's Point,Adventure
Seminole Uprising,Western
Sindbad the Sailor,Adventure
The Funhouse,Horror
The Devil Doll,Horror
Logan's Run,Fantasy
Final Approach,Action
Hostel: Part II,Horror
The Searchers,Western
Tex,Adventure
Witchblade,Action
Heaven with a Gun,Western
Brooklyn's Finest,Action
The Big Trees,Western
The Woods,Horror
The Naked Spur,Western
The Hard Easy,Action
Lost River,Fantasy
S.Darko,Horror
The Equalizer 2,Action
Killing Them Softly,Action
Montana,Western
Siege at Red River,Western
Tales of Halloween,Horror
Hostel: Part III,Horror
Miss Bala,Action
The Rock,Action
Super Eruption,Fantasy
Cut Throat City,Action
Russkies,Adventure
The Roost,Horror
Corporate Animals,Horror
A Walk in the Woods,Adventure
The Cell 2,Horror
My Soul to Take,Horror
Pod,Horror
The Deadly Mantis,Fantasy
Hidden,Horror
Nightmare 3,Horror
Visions,Horror
The Signal,Fantasy
From Within,Horror
Gone in 60 Seconds,Action
The Tomb,Horror
The Old Ways,Horror
Not of This Earth,Fantasy
3 Bad Men,Western
Wrong Turn 6,Horror
Bingo Hell,Horror
Navy Seals,Action
The Haunted,Horror
Martyrs,Horror
Prince Charming,Fantasy
Dead Awake,Horror
See You Yesterday,Fantasy
Mimic: Sentinel ,Horror
The Return,Fantasy
Jason X,Horror
Zombeavers,Horror
The Train Robbers,Western
Mannequin,Fantasy
Mom and Dad,Horror
Panic in the Skies!,Action
Killing Season,Action
Age of Tomorrow,Action
The Kitchen,Action
Grand Prix,Action
Operation Dumbo Drop,Adventure
The Hunted,Action
Jackals,Horror
Samurai Cop,Action
Wagons East,Western
Surf Ninjas,Adventure
Mr. Jones,Horror
Ring of Fire,Fantasy
The Younger Brothers,Western
How the West Was Won,Western
Young Fury,Western
The Stalking Moon,Western
The Stuff,Horror
Army of One,Action
Hunting Souls,Horror
Slumberland,Adventure
Jubilee Trail,Western
Crying Freeman,Action
The Towering Inferno,Action
Project Power,Fantasy
Street Fighter,Action
Matriarch,Horror
The Aviator,Adventure
The Raven,Horror
The Maze,Horror
Cerberus,Horror
Creep 2,Horror
Beau Geste,Adventure
Warrior,Action
A Good Night To Die,Action
Wolf,Horror
Dog Eat Dog,Action
The Stand,Adventure
Airplane vs Volcano,Action
The Good Old Boys,Western
When Time Ran Out,Action
The Washingtonians,Horror
Billy Two Hats,Western
Lapsis,Fantasy
Branded,Western
Breakheart Pass,Western
The Cursed,Horror
Tom Thumb,Fantasy
Dolls,Horror
Saddle the Wind,Western
The Saint,Adventure
Robocroc,Horror
Firestarter,Horror
Way of a Gaucho,Adventure
The Magic of Lassie,Adventure
Dawn of the Dead,Horror
Time Trap,Fantasy
The Wicked,Horror
Powder,Fantasy
12 Rounds: Reloaded,Action
Far From Home,Adventure
Warcraft,Fantasy
Hercules,Adventure
Tomahawk,Western
Union Pacific,Western
Dolly Dearest,Horror
Texas Lady,Western
Rise of the Zombies,Action
The Hamiltons,Horror
The Black Watch,Adventure
Roadracers,Action
Something Evil,Horror
Blade Runner,Fantasy
Prometheus,Fantasy
Amazing Stories,Fantasy
Deep Impact,Action
The Innkeepers,Horror
#Screamers,Horror
Ben,Horror
Cabin Boy,Adventure
400 Days,Fantasy
Nazi Overlord,Horror
Cyborg 2087,Fantasy
Subspecies,Horror
The Burning,Horror
Frankenstein Unbound,Horror
A Christmas Carol,Fantasy
The Expendables 2,Action
Time Toys,Adventure
The Darkling,Horror
Fingerprints,Horror
Sounds Like,Horror
Major Dundee,Western
Pulse,Fantasy
Omar Khayyam,Adventure
Conan the Destroyer,Fantasy
Toolbox Murders,Horror
Swashbuckler,Adventure
Buchanan Rides Alone,Western
Firefox,Action
Mercury Plains,Action
Convoy,Adventure
Son of the Dragon,Fantasy
Your Highness,Adventure
Seraphim Falls,Western
Wild in the Street,Fantasy
Moby Dick,Adventure
Run of the Arrow,Western
The Thirteenth Floor,Horror
Age of Dinosaurs,Fantasy
Nico the Unicorn,Fantasy
Desperate Trail,Western
Pinocchio,Adventure
War Arrow,Western
V/H/S,Horror
Warm Bodies,Horror
I Am Omega,Action
Diplomatic Siege,Action
Elysium,Fantasy
Hard Target 2,Action
After Yang,Fantasy
Fire on the Amazon,Adventure
Gog,Fantasy
House of the Dead 2,Action
Switchblade Sisters,Action
Dracula III. Legacy,Horror
Revak the Rebel,Adventure
Sam Whiskey,Western
The Prowler,Horror
Hush,Horror
Tarzan's Savage Fury,Adventure
The Haunted Palace,Horror
Follow Me,Horror
The Big Gamble,Adventure
The Night Walker,Horror
Night Teeth,Action
Cat People,Horror
Bedlam,Horror
The Buccaneer,Adventure
The Goonies,Adventure
Mega Piranha,Action
Ambulance,Action
Pagemaster,Fantasy
Knight & Day ,Action
Will Penny,Western
Sorority Row,Horror
Purgatory,Western
White Water Rebels,Adventure
Virus Shark,Horror
Traded,Western
Body Cam,Horror
Shenandoah,Western
6 Underground,Action
Challenge to Lassie,Adventure
Ambushed,Action
The Shooter,Action
Death Wish,Action
The African Queen,Adventure
Valerie,Western
Wicked Little Things,Horror
Creepshow,Horror
The Base II,Action
The Saint,Action
Tides of War,Action
Marooned,Fantasy
Target Earth,Fantasy
Romancing the Stone,Adventure
Gunman's Walk,Western
Edge of Tomorrow,Fantasy
The Challenge,Adventure
Proud Mary,Action
Oregon Passage,Western
Epoch,Fantasy
Unhinged,Action
Kill Bill: vol. 2,Action
Prime Cut,Action
Fright Night,Horror
Old Gringo,Adventure
Red Faction: Origins,Fantasy
Freezer,Action
Annabelle: Creation,Horror
Deadly Bet,Action
Capricorn One,Fantasy
Quarantine,Horror
Jenifer,Horror
The Hallyday Brand,Western
The Jack Bull,Western
World in his Arms,Adventure
Charro!,Western
Passengers,Fantasy
Cattle Drive,Western
The Cowboys,Western
Star in the Dust,Adventure
The Blue Lagoon,Adventure
Ghost in the Shell,Action
The Wild Country,Western
Half Past Dead 2 ,Action
Run All Night,Action
S.W.A.T.: Firefight,Action
Two Rode Together,Western
War of the Worlds,Fantasy
The Comancheros,Western
Drácula,Horror
Bitch Slap,Action
Bad Boys for Life,Action
Star Wars,Fantasy
Hellfighters,Adventure
Sierra Baron,Western
Prince of Darkness,Horror
40 Days and Nights,Fantasy
April Rain,Action
Flying Virus,Fantasy
Red Tomahawk,Western
Creek,Horror
Passe from Hell,Western
Security,Action
Silverado,Western
Carnival of Souls,Horror
Bad Boys,Action
Eve of Destruction,Fantasy
Species,Horror
Living hell,Fantasy
Species II,Horror
Phantasm: Ravager,Fantasy
Madres,Horror
Satellite in the Sky,Fantasy
Titanic 666,Horror
Out for Justice,Action
The Vigil,Horror
Curse of Chucky,Horror
World Without End,Fantasy
Wind River,Adventure
Never Cry Wolf,Adventure
The Human Race,Horror
Poltergeist III,Horror
Legion,Horror
War Pigs,Action
Last of the Dogmen,Action
Artemis Fowl,Fantasy
The Bourne Legacy,Action
Alien Tornado,Fantasy
Santee,Western
Rosewood Lane,Horror
The Possession,Horror
Rocketship X-M,Fantasy
Airport,Action
Fuzz,Adventure
7 Witches,Horror
Daylight,Action
Once a Thief,Action
Call of the Wild ,Adventure
HazMat,Horror
Wings of the Hawks,Adventure
Clockstoppers,Fantasy
Victor Crowley,Horror
Volcano,Action
Best of the Badmen,Western
Boogeyman,Horror
A Distant Trumpet,Western
Ghostbusters,Fantasy
The New Mutants,Fantasy
Black Dog,Action
Family,Horror
Destination Moon,Fantasy
Butcher's Crossing,Western
Strange Lady in Town,Western
Two Flags West,Western
It Follows,Horror
Bunraku,Action
2001 Maniacs,Horror
The Invasion,Fantasy
Duel at Diablo,Western
Remote Control,Fantasy
Tomb Raider,Action
Last Action Hero,Fantasy
Monolith,Fantasy
The Unborn,Horror
Maximum Risk,Action
Johnny Dark,Action
Aces: Iron Eagle III,Action
The Golden Blade,Adventure
Hearthquake,Action
Howards of Virginia,Adventure
The Way West,Western
Panic,Action
The Covered Wagon,Western
Hit and Run,Action
Quick,Action
Soul Survivors,Horror
Legend of the Lost,Adventure
2010,Fantasy
Tales of Terror,Horror
Halloween,Horror
Grizzly Falls,Adventure
Phase IV,Fantasy
Durango Kids,Western
Moonfleet,Adventure
Pandemic,Action
Lethal Weapon 2,Action
The Bounty Hunter,Western
Rage and Honor,Action
Separation,Horror
'Doc',Western
Surrogates ,Fantasy
Arizona Bushwhackers,Western
The Other Wife,Horror
Ice Spiders,Horror
Slender Man,Horror
Aeon Flux,Fantasy
The Walking Hills,Adventure
Crimson Peak,Horror
Innocent Blood,Horror
S.S.S. Snake,Horror
Robin Hood,Adventure
Devil's Doorway,Western
Sinister,Horror
Western Union,Western
Vertical Limit,Action
Critters 4,Horror
Hook,Fantasy
Embryo,Fantasy
Exists,Horror
Return to Paradise,Adventure
Beneath the Dark,Horror
American Samurai,Action
Edward Scissorhands,Fantasy
The Darkest Hour,Action
Freaky,Horror
The Proud Ones,Western
El Paso,Western
The Call of the Wild,Adventure
Favela,Action
Altitude,Action
Ninja,Action
The Intruder Within,Horror
Cool World,Fantasy
Dracula 2000,Horror
Frequency,Fantasy
The Pyramid,Horror
Duffy,Adventure
Kansas Pacific ,Western
El Gringo,Action
City Beneath the Sea,Adventure
I Spit on Your Grave,Horror
Lone Hand,Western
Eli,Horror
A Force of One,Action
Column South,Western
Sleepaway Camp,Horror
Fallen,Fantasy
Vigilante,Action
Captains Courageous,Adventure
Brimstone,Western
Blue Thunder,Action
Ride the Man Down,Western
Hunger,Horror
Stretch,Action
The Banshee Chapter,Horror
Raise the Titanic!,Adventure
Transformation,Fantasy
High Risk,Adventure
The Finest Hour,Action
Bangkok Dangerous ,Action
Everly,Action
Bridge of Dragons,Action
Escape Room,Horror
Black Horse Canyon,Western
Intruder,Horror
The Big Circus,Adventure
The Driver,Action
Payback,Action
Allegheny Uprising,Adventure
Dead Man's Burden,Western
976-EVIL,Horror
Murder-Set-Pieces,Horror
Dementia 13,Horror
Machete,Action
The Archer,Action
Die Hard,Action
Battleship,Action
Assassin's Bullet,Action
Day of the Dead,Horror
Becky,Horror
Dakota Incident,Western
City of Ember,Fantasy
Far and Away,Adventure
Outcast,Western
The Borrower,Horror
Buffalo Bill,Western
The Glory Guys,Western
Treasure Island,Adventure
Dracula Untold,Fantasy
The Naked Dawn,Adventure
Santiago,Adventure
The New Daughter,Horror
The Roommate,Horror
Cursed,Horror
Meek's Cutoff,Western
The Marksman,Action
Prison,Horror
Hard Justice,Action
Life,Fantasy
Killers,Action
Grand Isle,Action
Encounter,Fantasy
Area 51,Horror
Black River,Horror
Waterworld,Fantasy
Synchronic,Horror
Command Performance,Action
Asylum,Horror
Delete,Fantasy
Red River Range,Western
Skyrunners,Fantasy
The Rocketeer,Adventure
Aroused,Horror
Timbuktu,Adventure
Conagher,Western
Madhouse,Horror
Haywire,Action
Poseidon,Action
Stagecoach,Western
Gun Point,Western
Desert Legion,Action
Escape Room,Horror
Found,Horror
Lancer Spy,Adventure
Dead Season,Horror
Angel and the Badman,Western
The Three Musketeers,Adventure
Willy's Wonderland,Horror
Life of Pi,Adventure
Happy Death Day,Horror
Gunsmoke,Western
King Kong Lives,Adventure
Apache Drums,Western
Skyline,Fantasy
Lost Souls,Horror
Fort Ti,Adventure
Hidalgo,Adventure
Lake Placid 3,Horror
Love Me Tender,Western
Tarzan and His Mate,Adventure
Arrowhead,Western
Saw II,Horror
Out for blood,Horror
Bird of Paradise,Adventure
Seven Cities of Gold,Adventure
The Violent Kind,Horror
Wings of the Apache,Action
Dead Heat,Horror
Face of a Fugitive,Western
Sink Hole,Fantasy
The 2nd,Action
White Water Summer,Adventure
Saskatchewan,Western
Johnny 2.0,Fantasy
The Illustrated Man,Fantasy
The Texas Rangers,Western
Rough Riders,Action
Mulberry Street,Horror
Escape from L.A.,Fantasy
Final Destination 2,Horror
Critters 3,Horror
Troll,Fantasy
Son of Dracula,Horror
The 5th Wave,Fantasy
Windwalker,Western
Blast,Action
River of No Return,Adventure
Tresure Island,Adventure
Jaws 3,Adventure
The Restless Breed,Western
Fright Night Part 2,Horror
Cell,Action
Chief Crazy Horse,Western
Casanova,Adventure
Boo,Horror
Dune,Fantasy
Cowboy Up,Western
Crank: High Voltage,Action
Geostorm,Action
Eyeborgs,Fantasy
From Hell to Texas,Western
Bordello of Blood,Horror
The Black Pirate,Adventure
Trapper County,Action
Critters,Horror
Transcendence,Fantasy
The Perfection,Horror
Fender Bender,Horror
Cyst,Horror
Night of the Demons,Horror
Nix,Horror
The Court Jester,Adventure
Sergeants 3,Western
Frankenstein,Horror
The Spirit,Action
Operator,Action
Riot,Action
High Noon,Western
Sabretooth,Adventure
Bullet Train,Action
Body Snatchers,Fantasy
Bound to Vengeance,Horror
Glass Trap,Action
The Deep,Adventure
Jurassic Park III,Adventure
Yellow Sky,Western
Turbulence,Action
The Phantom Planet,Fantasy
Death Trap,Horror
Free Fall,Action
Waterhole # 3,Western
The Lawless Nineties,Western
Hell Ride,Action
Murder Party,Horror
Freerunner,Action
Shark Attack 2,Action
The Shu,Action
Timerider,Fantasy
Dragonslayer,Fantasy
The Getaway,Action
Zombie Nation,Horror
2 Guns,Action
Tracers,Action
Forced Vengeance,Action
Thir13en Ghosts,Horror
South of St. Louis,Western
San Andreas,Action
The Grudge 2,Horror
Clownhouse,Horror
Blood Frenzy,Horror
Rock Island Trail,Western
Dreamkatcher,Horror
The River's Edge,Adventure
Feast,Action
Godmothered,Fantasy
Best of the Best,Action
Slaughterhouse-Five,Fantasy
The Black Arrow,Adventure
National Treasure,Adventure
Drag Me to Hell,Horror
Breakout,Action
Aladdin,Fantasy
Message to Garcia,Adventure
The Shape of Water,Fantasy
Sweepers,Action
Aces 'N' Eights,Western
Stolen,Action
Alyce,Horror
Jane Got a Gun,Western
The Sandman,Horror
Tremors,Horror
Dragonheart,Fantasy
Valentine,Horror
Drum Beat,Western
Strangeland,Horror
The Other,Horror
The Losers,Action
The Wolf Man,Horror
The Tin Star,Western
The Bunny Game,Horror
Storm War,Fantasy
Deadly Swarm,Horror
Earth vs. the Spider,Fantasy
Born in Flames,Fantasy
Burnt Offerings,Horror
Hell Asylum,Horror
Nightflyers,Fantasy
The Base,Action
Stigmata,Horror
Pinocchio's Revenge,Horror
Earth to Echo,Fantasy
For Heaven's Sake,Fantasy
Godzilla,Fantasy
Dallas,Western
Meltdown,Action
